{"cameraMode":{"drawMode":0,"name":"Shaded","section":"Shading Mode"},"sceneLighting":true,"audioPlay":false,"sceneViewState":{"showFog":true,"showMaterialUpdate":false,"showSkybox":true,"showFlares":true,"showImageEffects":true,"showParticleSystems":true},"in2DMode":false,"pivot":{"x":458.16998291015627,"y":203.68499755859376,"z":0.0},"rotation":{"x":-0.06326460838317871,"y":-0.009882941842079163,"z":0.0006273218896239996,"w":-0.9979524612426758},"size":268.6005554199219,"orthographic":false}